Timestamp,Enter your Name:,Roll Number:,Department:,Choose Current year:,Enter Marks(percentage) For 10th Grade:,Enter Marks  (percentage)  For Previous Semester:,Add a Screen Shot of your Screen time:,How often do you use social media  ?  (In hours),"According to you, what need does social media fulfill?",How many social media platforms are you on?,Time spent on WhatsApp? (In hours),Time spend on Instagram?  (In hours),Time spend on Facebook?  (In hours),Time spend on YouTube?  (In hours),Time spend on Snapchat?  (In hours),Time spend on Reddit?  (In hours),Time spend on Discord?  (In hours),Time spend on Pinterest?  (In hours),Time spend on Twitter?  (In hours),Time spend on Telegram?  (In hours),Overall time spent on other application?  (In hours),What is the maximum time that you have spent away from your phone? (In hours),Do you consider yourself to be addicted to social media?,Entertainment usage time while using phone(per day) (In hours),"Productivity and finance time while using phone
(per day)(In hours)",Email Address
4/5/2023 11:06:22,Patel Areeb Aatif ,210414,Computer,Second year,93.2,80.63,https://drive.google.com/open?id=1rqW8MeJ6sufzPWXXudkNGkfL3EY94Qpk,17,"Educational, Entertainment, Research/Reading, Gaming","WhatsApp, Instagram, YouTube, Snapchat",1,2,0,0,1,0,0,0,0,0,2,7,Maybe,2,1,areebpatel079@gmail.com
4/5/2023 11:23:32,Safi punjabi,220816,Information Technology,First year,85,65,https://drive.google.com/open?id=1Gj_0fIUla_PahgiXiufgHE_aIpwTyCSR,10,"Educational, Entertainment, Research/Reading, Gaming","WhatsApp, Instagram, Facebook, YouTube, Snapchat, Discord, Twitter",1,2,0,3,2,0,0.5,0,0,0,1,16,Maybe,4,3,safipunjabi007@gmail.com
4/5/2023 11:47:12,Shaikh mohd yaseen,210817,Information Technology,Second year,85,63,https://drive.google.com/open?id=1HWisWbixa_bZr0RjBEIxks7_26yIKZbK,10,"Educational, Entertainment, Research/Reading","WhatsApp, Instagram, Facebook, YouTube, Snapchat, Discord, Twitter, ",3,7,0,5,1,0,2,0,1,1,2,10,Yes,5,2,shaikhyaseen123838@gmail.com
4/5/2023 11:47:52,Rida shaikh ,220882,Information Technology,Second year,62,69,https://drive.google.com/open?id=1zn3JdjGfGBBarwz-eywYx_ooj5FQDrZp,2,Entertainment,"WhatsApp, Instagram, YouTube, Snapchat, Discord, Pinterest",1,3,0,2,1,0,0,0,0,0,2,9,No,3,5,ridashaikh12786@gmail.com
4/5/2023 11:55:21,Alfiya patel,20529,Electronics,Third year,77.2,81.67,https://drive.google.com/open?id=1f2imoo4xSAa0JpCzqttgvR_UnefZo0rS,2,"Educational, Entertainment","WhatsApp, YouTube, Snapchat, Pinterest, Twitter",1,0,0,3,1,0,0,0,1,0,1,16,No,2,1,patelalfiya2004@gmail.com
4/5/2023 11:56:44,Moiz Ahmed Shabbir Jamedar,20516,Electronics,Third year,72,60,https://drive.google.com/open?id=1WiqNz1eL3p57t_K2cxPvGlJgCA98EkAk,1,"Educational, Entertainment, Research/Reading","WhatsApp, Instagram, YouTube, Snapchat, Pinterest",1,1,0,0,1,0,0,0,0,0,0,6,Maybe,2,2,jmoizahmed@gmail.com
4/5/2023 11:57:51,Shaikh mohammed mohtashim mukhtar Ahmed ,20548,Artificial Intelligence,Third year,60,60,https://drive.google.com/open?id=12FN8ZbG8-2YqK3rjmTocI24eyPb03kPl,0,Entertainment,WhatsApp,5,0,0,5,1,0,0,0,0,0,11,11,No,11,0,shaikhmohtashim11@gmail.com
4/5/2023 12:01:23,Supariwala Mohd Muzzammil Ashfak ,20561,Electronics,Third year,57,65,https://drive.google.com/open?id=19ArGDZ9HcoapbBddgWgL4BZ9NpUMvcSK,2,"Educational, Entertainment, Gaming","WhatsApp, Instagram, Facebook, YouTube, Snapchat, Telegram",1,1,0,1,1,0,0,0,0,1,3,10,Maybe,2,1,muzzammilmohd987@gmail.com
4/5/2023 12:02:26,Shaikh Mahinoor Mohammed Yasin ,20544,Electronics,Third year,69.4,75.28,https://drive.google.com/open?id=1D3dZTUjg2GsvPAqBopa7cexuxK1ZWNzF,0,Educational,"WhatsApp, YouTube, Snapchat, ",2,0,0,1,0,0,0,0,0,0,1,15,No,1,1,mahinoorshaikh777@gmail.com
4/5/2023 12:03:21,Zau-fishan Rangrez Mohammed Aslam ,20531,Electronics,Third year,59.78,71.16,https://drive.google.com/open?id=14Qzrd5eCyICZixgvUgqBoMX4tf63ZWmq,1,Educational,"WhatsApp, YouTube, Snapchat",1,1,0,1,1,0,0,0,0,0,4,15,Maybe,1,1,zufisha08@gmail.com
4/5/2023 12:03:25,Abdul Hannan Kadiwala ,220501,Electronics,First year,65,52,https://drive.google.com/open?id=18ROyOoBfyDBD9pNspE5wGTbGorcQH5Pu,1,"Educational, Entertainment","WhatsApp, Instagram, YouTube, Telegram",1,1,0,1,0,0,0,0,0,1,1,15,No,1,0,abdulhannan.kadewala@gmail.com
4/5/2023 12:03:40,KarankotSumaiya ,220513,Electronics,First year,74.86,71,https://drive.google.com/open?id=1-u810cSEX2nQcr0rljzECuEQuW4swqCT,3,"Educational, Entertainment","WhatsApp, Instagram, YouTube, Snapchat, Discord, Pinterest",1,2,0,1,1,0,0,0,0,0,0,6,Maybe,1,1,sumaiyakarankot@gmail.com
4/5/2023 12:06:53,Arib ansari,20508,Electronics,Third year,49,78,https://drive.google.com/open?id=1l64wT97xAiIpTKZwJoKyxr2WClKcfIH4,3,"Educational, Entertainment","WhatsApp, Instagram, YouTube, Snapchat, Twitter, Telegram",2,2,0,0,1,0,0,0,0,0,1,12,Maybe,3,2,aribanasri2004@gmail.com
4/5/2023 12:07:20,Mohammad Hussain Junaid Muckba,220531,Electronics,First year,78,82,https://drive.google.com/open?id=1372dB8mFV7d5JNan90D_1UqjoNMIpcx0,2,"Educational, Entertainment, Research/Reading, Gaming","WhatsApp, Instagram, YouTube, Snapchat",0.1,1,0,0,0.3,0,0,0,0,0,1.5,7,No,1.5,2.5,hussainmuckba007@gmail.com
4/5/2023 12:08:08,Haaris Saleem Kolsawala ,220528,Electronics,First year,76.4,81,https://drive.google.com/open?id=1suLGiwhWs0B9UNyWNCElxCYpPuLIyo5O,4,"Educational, Entertainment, Research/Reading","WhatsApp, Instagram, Facebook, YouTube, Snapchat",0.5,1.5,0,2,2,0,0,0,0,0,0.5,8,Maybe,2.5,1,haarisskolsawala@gmail.com
4/5/2023 12:10:17,Ayaan Shaikh,20546,Electronics,Third year,71.8,74,https://drive.google.com/open?id=1Di3j0NDr2Iz33l2aYLBubwzEDN2rTNAx,3,"Educational, Entertainment, Research/Reading, Gaming","WhatsApp, Instagram, Facebook, YouTube, Snapchat, Reddit, Discord, Twitter, Telegram, Twitch",1,4,0,3,2,2,1,0,0,0,5,16,Maybe,4,2,mrshaikh107@gmail.com
4/5/2023 12:11:14,Shaikh Reena,20553,Electronics,Third year,70.4,84.21,https://drive.google.com/open?id=1HYgngsSbtsE0l6mHunACbXDIaMndRyA8,0,Educational,"WhatsApp, YouTube, Snapchat",2,0,0,2,1,0,0,0,0,0,0,15,No,1,1,reena.tarique.shaikh@gmail.com
4/5/2023 12:12:18,Sayyed Ali Rashid,220541,Electronics,First year,76.6,68,https://drive.google.com/open?id=1pZIq05LscA3dscWCAVRv0jTzcgoYj_gs,1,"Educational, Entertainment, Research/Reading, Gaming","WhatsApp, Instagram, YouTube, Snapchat, Twitter",1,1,0,1,1,0,0,0,0.15,0.3,5,15,Maybe,2,3,sayyedalirashid4@gmail.com
4/5/2023 12:14:35,Nomaan munshi ,220534,Electronics,First year,57,72,https://drive.google.com/open?id=1rDiZaCFFtrIQhI7G26dqf-KkXGOBbNV4,2,Entertainment,"WhatsApp, Instagram, YouTube, Snapchat, Telegram",0,0.5,0,1.5,0,0,0,0,0,0,0.5,16,No,2,1,nomaanmunshi14@gmail.com
4/5/2023 12:14:36,Irfan sayyed ,221018,Electrical,First year,65,77.71,https://drive.google.com/open?id=1RH44wKnrYooIwwvFnTxcqdj4VBxWnqr4,1,"Educational, Entertainment, Research/Reading, Gaming","WhatsApp, YouTube, Snapchat, ",2,0,0,1,1,0,P,0,0,0,0,8,No,1,0,sayyedirfansultan@gmail.com
4/5/2023 12:15:00,Khan Nihaal Ahmed Usman,221009,Electrical,First year,64.6,61.57,https://drive.google.com/open?id=1u_uJ_VFjxUk91HxshOByFtLhHclCOdnD,4,Entertainment,"WhatsApp, Instagram, YouTube, Snapchat",0.05,0.07,0,1,0.01,0,0,0,0.27,0,1.4,5,No,2,1,khanihaal648@gmail.com
4/5/2023 12:15:34,Hasan,221015,Electrical,First year,70,62.71,https://drive.google.com/open?id=1OpeIJjyTuCFgPjbLp7duhDCoMUm1TUea,2,"Educational, Entertainment","WhatsApp, Instagram, YouTube, Snapchat",0.3,1,0,0.3,0.1,0,0,0,0,0,0,16,No,1,0.2,nulwalahasan2@gmail.com
4/5/2023 12:16:04,Mustafa Shaikh musa ,221028,Electrical,First year,68.8,75,https://drive.google.com/open?id=1_61NaUZ-umRZ9bBU6H5uf6nlGCONK9a2,2,Educational,"WhatsApp, YouTube",1,0,0,2,0,0,0,0,0,0,3,9,No,2,1,mustafashaikhmusa1416@gmail.com
4/5/2023 12:16:04,Shaikh Reeba Mohammed Tarique,20552,Electronics,Third year,72,85.79,https://drive.google.com/open?id=1ZVUrYvOcQDbIp6sHL1yMQV9wLsjTfUwC,0,Educational,"WhatsApp, YouTube, Snapchat",1,0,0,1,1,0,0,0,0,0,3,15,No,1,1,reeba.tarique.shaikh@gmail.com
4/5/2023 12:20:58,Sarah shaikh,221256,Artificial Intelligence,First year,79.4,80,https://drive.google.com/open?id=1nlVkdRFknk03b8geHfmkfJiuqj0BOS77,3,Entertainment,"WhatsApp, Instagram, YouTube, Snapchat, Pinterest",1,4,0,0,1,0,0,0,0,0,0,5,Yes,3,1,sarahshaikh0405@gmail.com
4/5/2023 12:21:46,Kazi Moinuddin ,221215,Artificial Intelligence,First year,81,81,https://drive.google.com/open?id=1ZTeZq-VB8meo9eZMGePcG3ghMA3So6Xs,2,"Educational, Entertainment, Research/Reading, Gaming","WhatsApp, Instagram, Facebook, YouTube, Snapchat, Reddit, Discord, Pinterest, Twitter, Telegram, Twitch,loco.",0,0,0,1,0,0,0,0,24,24,24,16,No,1,4,moinkazi870@gmail.com
4/5/2023 12:22:41,Naufil Aslam Shaikh,221251,Artificial Intelligence,First year,80.2,73,https://drive.google.com/open?id=1tVDJU-lsy5pDVHzB4YDxR-wGY13DqJqZ,3,"Educational, Entertainment, Research/Reading, Gaming","WhatsApp, Instagram, YouTube, Snapchat",1,2,0,3,1,0,0,0,0,0,4,14,No,4,4,naufilshaikh2006@gmail.com
4/5/2023 12:22:48,Abdur Raqib shaikh ,221238,Artificial Intelligence,First year,83,75,https://drive.google.com/open?id=1-BoSn08GnSxRLGkOVcFO5_O6R27dGpqW,7,Entertainment,"WhatsApp, Instagram, YouTube, Snapchat, Telegram",1,6,0,3,3,0,0,0,0,0,12,3,Yes,6,1,a.raqib.shaikh@gmail.com
4/5/2023 12:23:10,Faizan Mulla,221230,Artificial Intelligence,First year,80.2,75.77,https://drive.google.com/open?id=1a8SG7xEO8c4w7srfOINV7umBHxwXpxMI,2,Entertainment,"WhatsApp, Instagram, Facebook, YouTube, Snapchat, Discord, Twitter, Telegram",10,21,21,16,16,0,0,0,0,15,12,9,Maybe,3,15,faizanmulla1202@gmail.com
4/5/2023 12:23:28,Fardeen shaikh,221240,Artificial Intelligence,First year,86.4,78,https://drive.google.com/open?id=1tToYOH2T89NBDjqKs6VGSRtKE4nTYlQW,2,Entertainment,"WhatsApp, Instagram, Facebook, YouTube, Snapchat",1,2,0,2,1,0,0,0,0,0,2,5,Maybe,3,0,fardeenshaikh301@gmail.com
4/5/2023 12:23:46,Hamza Nadeem ,221212,Artificial Intelligence,First year,80.2,76.2,https://drive.google.com/open?id=1SKSqk3XI6QML1zFI_Zuy4oCakxnNjQ6U,3,Educational,"WhatsApp, YouTube",1,0,0,2,0,0,0,0,0,0,3,16,No,1,1,hamzamushir720@gmail.com
4/5/2023 12:24:18,MOHAMMED SUFYAN SUHAIL AHMED SHAIKH,221249,Artificial Intelligence,First year,82.4,60,https://drive.google.com/open?id=14z4yXtr1lrzxyBeCjNEAmfJ45BNX9mjX,2,"Educational, Entertainment, Research/Reading, Gaming","WhatsApp, Instagram, Facebook, YouTube, Snapchat",1,2,0,1,1,0,0,0,0,0,2,10,Maybe,2,0,sksufyan012@gmail.com
4/5/2023 12:24:22,Insha Mohammed Zahid Ansari,221201,Artificial Intelligence,First year,84.2,83.71,https://drive.google.com/open?id=1QHkk0hkfOb25zBLhHw8thzuot1uyovJb,3,Research/Reading,"WhatsApp, YouTube",1,0,0,2,0,0,0,0,0,0,2,16,No,1,2,a.insha.5001@gmail.com
4/5/2023 12:24:31,Mohammed.A.K,221213,Artificial Intelligence,First year,78.6,82.29,https://drive.google.com/open?id=1hlRPvcLVWkyy1fgHIqC8dzJfpcYkbn7U,3,"Educational, Entertainment, Research/Reading, Gaming","WhatsApp, Instagram, Facebook, YouTube, Discord, Twitter, Telegram",1,0.5,0,1,0,0,0,0,0,0,2,15,No,1,1,kanthawalla.m@gmail.com
4/5/2023 12:26:02,Rahil malik,221225,Artificial Intelligence,First year,81.2,70,https://drive.google.com/open?id=1RegvOjLifRZRFsNgsxl_3C9Cr9Zaaxbu,2,"Educational, Entertainment","WhatsApp, Instagram, YouTube, Snapchat, Reddit, Pinterest, Telegram",1,2,0,1,1.5,0,0,0,0,0,1,15,Maybe,2,3,malikrahil483@gmail.com
4/5/2023 12:26:14,Nameer Khan,221222,Artificial Intelligence,First year,82,74,https://drive.google.com/open?id=1fBG5O1MOgedWQpUKchvRXABUXfemgAl2,2,Entertainment,"WhatsApp, Instagram, Facebook, YouTube, Snapchat, Pinterest, Telegram",0.9,3,0,0.1,0.6,0,0,0.2,0,0.7,2,16,Maybe,2,2,kmehmooda3@gmail.com
4/5/2023 12:26:34,Gaurav khot,220527,Electronics,First year,80,60,https://drive.google.com/open?id=1bTLQU3JhQRpmUSSoKVvxFzc5e3d-JEsS,4,"Educational, Research/Reading","WhatsApp, Instagram, YouTube, Snapchat, Telegram",1,1,0,2,0,0,0,0,0,0,4,4,No,0,0,gauravkhot021@gmail.com
4/5/2023 12:27:01,Shaikh zeenia,221258,Artificial Intelligence,First year,78,71,https://drive.google.com/open?id=1k9qm1vtIBrMIZ7tQ93m82HAP6IPBCtb1,6,Entertainment,"WhatsApp, Instagram, YouTube, Snapchat, Pinterest",1,6,0,1,1,0,0,1,0,0,2,2,Maybe,5,0,Zeeniashaikh39@gmail.com
4/5/2023 12:27:18,Abdulla Cyclewala,221209,Artificial Intelligence,First year,79.2,78,https://drive.google.com/open?id=1ZU8Stir6sW35Q2QoldZypg1W8ZyRfw_x,1,"Educational, Entertainment, Research/Reading, Gaming","WhatsApp, Instagram, YouTube, Snapchat",1,1,0,1,0,0,0,0,0,0,2,16,No,3,2,abdullacyclewala@gmail.com
4/5/2023 12:28:39,Bubere Mohammad Ali ,221208,Artificial Intelligence,First year,80,80.14,https://drive.google.com/open?id=19vBOEraeuzm7IHPN848zyAhviiLQkNYo,3,"Educational, Entertainment","WhatsApp, YouTube",1,0,0,3,0,0,0,0,0,0,2,12,No,2,3,alibubere989@gmail.com
4/5/2023 12:28:42,Aadil Ayyaz kardgekar,221214,Artificial Intelligence,First year,80.2,73,https://drive.google.com/open?id=10ebZjSotwAAtp6DikQl6i58Q40UjCNVQ,3,"Entertainment, Research/Reading","WhatsApp, YouTube, Snapchat, Discord, Pinterest, ",1,0,0,1,0,0,1,1,0,0,3,10,Maybe,2,4,kardge.aadil@gmail.com
4/5/2023 12:28:48,Khalid mansuri ,221226,Artificial Intelligence,First year,80,81.71,https://drive.google.com/open?id=1iSArC6lwRSgyTj0XWBCvkb12CN3nfwUb,4,"Educational, Entertainment","WhatsApp, Instagram, YouTube, Snapchat",1,2,0,1,1,0,0,0,0,0,0,10,Maybe,2,1,km2565063@gmail.com
4/5/2023 12:29:00,Mohammed Ayan Feroz Sayed,221235,Artificial Intelligence,First year,73.6,81,https://drive.google.com/open?id=1Xw0-mCnMsl39xa7C3Bv6Zf7TrrI5Nc7X,4.48,Entertainment,"WhatsApp, Instagram, YouTube, Snapchat, Twitter",0.05,1.58,0,0,0.19,0,0,0,0,0,0.3,3,Maybe,1.3,1,sayedayan886@gmail.com
4/5/2023 12:29:28,Shaikh Abdul Rahim ilyas ,221237,Artificial Intelligence,First year,73.4,19,https://drive.google.com/open?id=1geWo1U7weNiEyscsHChnX3TEB13YCff8,3,"Educational, Entertainment","WhatsApp, YouTube, Telegram",1,0,0,2,0,0,0,0,0,1,1,2,No,1,0,sirfabdul007@gmail.com
4/5/2023 12:30:53,Furqaan Shaikh,221241,Artificial Intelligence,First year,82.6,76,https://drive.google.com/open?id=18TbH3kmjGst8FgbUoYcTR6oimpPVWOQr,4,"Educational, Entertainment","WhatsApp, Instagram, YouTube, Snapchat",1,2,0,3,1,0,0,0,0,0,0,7,Maybe,2,1,sfurqaan99@gmail.com
4/5/2023 12:43:48,Aliza Shaikh,210829,Information Technology,Second year,70,75,https://drive.google.com/open?id=1FC9QmPVHgtJC6JfQvEL9mdmRY1DcbeFO,6,"Educational, Entertainment, Gaming","WhatsApp, Instagram, Facebook, YouTube, Snapchat, Discord, Pinterest, Telegram",1,3,0,1,1,0,9,1,0,0,0,7,Maybe,2,0,alizaashkk28@gmail.com
4/5/2023 12:51:46,Ansari Zain Mohammed Rehan ,221207,Artificial Intelligence,First year,75,72.43,https://drive.google.com/open?id=1WpRqId6I69qkTMkVBONfCv2_8Y6r6U8R,4,"Entertainment, Research/Reading, Gaming","WhatsApp, Instagram, YouTube, Snapchat, Discord",1,2.43,0,2,2,0,1,0,0,0,5,16,No,2,3,zain.m.rehan3322@gmail.com
4/5/2023 13:04:43,Atiqa Shaikh,221239,Artificial Intelligence,First year,78,76,https://drive.google.com/open?id=11UxCWVXbcC6i3dIEV-uSb2Q1E4PhXSDl,5,"Entertainment, Research/Reading","WhatsApp, Instagram, YouTube, Snapchat, Pinterest, Twitter",0.5,5,0,0.5,1,0,0,0.2,0.5,0,1,8,No,5,1,atiqashaikh29@gmail.com
4/5/2023 13:04:58,Ansari mohammed Mohd Akram Mobin ,221205,Artificial Intelligence,First year,82.2,64.57,https://drive.google.com/open?id=1rMxQN8wVYMfP-Fyln_eOM_Ldq-v5yM9_,2,Entertainment,YouTube,1,0,0,2,1,0,0,0,0,0,1,5,Maybe,2,4,mohammed120926@gmail.com
4/5/2023 13:13:20,Arbaz khan,221217,Artificial Intelligence,First year,79.8,84.71,https://drive.google.com/open?id=1fNMeClYyNMrPU-4Axqma59GZwVKWJGqH,1,Entertainment,"WhatsApp, Instagram, YouTube",0.1,0.4,0,0.1,0,0,0,0,0,0,3.5,7,No,4,1,armanarbazkhan058@gmail.com
4/5/2023 13:16:37,Nilesh Kumar Saroj ,221234,Artificial Intelligence,First year,80.8,80,https://drive.google.com/open?id=1NVPN0jkFbg6EPD6ceTjOI1po9H130xJG,2,"Educational, Entertainment","WhatsApp, Instagram, Facebook, YouTube",7,5,8,0,0,0,0,0,0,0,0,4,No,5,1,sarojbrijlal90@gmail.com
4/5/2023 13:18:28,Iqra Asif khan,221221,Artificial Intelligence,First year,79.8,71.71,https://drive.google.com/open?id=1oDzFcOHWr0KN1UpX6n8Zj7vQdE6oaxsI,6,"Entertainment, Research/Reading","WhatsApp, Instagram, YouTube",2,2,0,2,0,0,0,0,0,0,0,10,No,4,2,ik1514191@gmail.com
4/5/2023 13:21:11,Shaikh Shifa ,221257,Artificial Intelligence,First year,81.2,85.71,https://drive.google.com/open?id=1Sx7AYsoabHCs6qzcOeTaivjnWte39FB5,6,"Educational, Entertainment","WhatsApp, YouTube, Snapchat",1.5,0,0,2,1.5,0,0,0,0,0,0,14,Maybe,3,3,shaikhshifa92006@gmail.com
4/5/2023 13:21:23,Bharati Ritesh Gupta,221211,Artificial Intelligence,First year,79.6,83.43,https://drive.google.com/open?id=1J7odp-ZGbPFfxHb8TIiswsuIMvfYEHGd,4,"Educational, Entertainment","WhatsApp, YouTube, Snapchat",2,0,0,1,1,0,0,0,0,0,0,14,Maybe,2,2,riteshgupta8256@gmail.com
4/5/2023 13:31:39,Aquib Durrani ,210819,Information Technology,Second year,84.8,54.87,https://drive.google.com/open?id=1CgdLmSQzQ1XWojNVAg964Bf5odDw4eqN,1,"Educational, Entertainment, Research/Reading","WhatsApp, Instagram, YouTube, Snapchat, Twitter",1,1,0,1,1,0,0,0,1,0,0,6,No,3,3,aquibdurrani@gmail.com
4/5/2023 13:49:32,Ansari Rimsha Mohd Nadeem ,210826,Information Technology,Second year,84,75.13,https://drive.google.com/open?id=13KfsswOAqyBS52x8q6YXTW03ZSGCk-qh,15,"Educational, Entertainment, Research/Reading","WhatsApp, Instagram, YouTube, Snapchat, No",2,2,0,3,1,0,0,0,0,0,8,15,No,4,2,ansaririmsha2005@gmail.com
4/5/2023 13:56:40,Rehan Abdul Gani Shaikh,221253,Artificial Intelligence,First year,88.4,85.14,https://drive.google.com/open?id=1Z2gnYWO4N_A6hpd9DiHXQa1nWpNQQ0qf,6,Entertainment,"WhatsApp, Instagram, YouTube, Pinterest",2,6,0,2,0,0,0,1,0,0,1,6,Yes,8,3,rehansk.3107@gmail.com
4/5/2023 14:02:48,Abdul Karim ,220411,Computer,First year,89.2,79.14,https://drive.google.com/open?id=16MmN53XNUbLlswu8qtMBLPi6BzbfDXQB,4,Entertainment,"WhatsApp, YouTube",1,0,0,1,0,0,0,0,0,0,1,4,Maybe,3,2,abdulkarimchhipi@gmail.com
4/5/2023 14:03:59,Fahad Syed ,220461,Computer,First year,92,89.86,https://drive.google.com/open?id=1K453OoZ74ARh1j909IMwid8P1ZC3D1YD,4,"Educational, Entertainment, Gaming","WhatsApp, YouTube, ",1,0,0,2,0,0,0,0,0,0,2,1,Maybe,3,1,fahadsyed2705@gmail.com
4/5/2023 14:04:51,Ansari Muhammed Saeed ,220408,Computer,First year,90.8,87.14,https://drive.google.com/open?id=1DVFq2hgop-8NJ7MYGpjlF124rgHg7dhy,4,"Educational, Entertainment, Research/Reading","WhatsApp, Instagram, YouTube, Snapchat, Reddit, Discord, Twitter, Telegram",1,1,0,1,0,0,0,0,1,1,1,3,Maybe,1,4,shaziakitabwala4@gmail.com
4/5/2023 14:05:44,Mohammad Ziya Aijaz Hawaldar ,220435,Computer,First year,93,85.29,https://drive.google.com/open?id=1No10zLESGkujfjNQlTYG2xzw7a2iJWH2,2,"Educational, Entertainment, Gaming","WhatsApp, Instagram, YouTube, Snapchat",1,1,0,2,1,0,0,0,0,0,2,4,Maybe,3,3,ziyahawaldar@gmail.com
4/5/2023 14:20:02,Shaikh Atif,220547,Electronics,First year,70,79,https://drive.google.com/open?id=10P56G2_vQUOTzVnYXQTqTjbq62ZtmEQE,7,"Educational, Entertainment, Research/Reading","WhatsApp, Instagram, YouTube, Snapchat, Discord, Pinterest, Twitter",1,1,0,1,1,0,0,0,0,1,2,10,Maybe,2,3,atifshadab12@gmail.com
4/5/2023 14:56:12,Tanvir Yakub Shaikh,210514,Electronics,Second year,72.6,81.29,https://drive.google.com/open?id=1AhdO9xXb4WdzkT7d4rPqn4ky9MQnRw1F,5,Entertainment,"WhatsApp, Instagram, Facebook, YouTube, Snapchat, Discord, Telegram",1,1,0,2,0,0,0,0,0,1,4,4,No,4,2,ts576050@gmail.com
4/5/2023 15:10:08,Suyash Sunil Dingankar,220412,Computer,First year,90.6,78.57,https://drive.google.com/open?id=1xd6qcBWWmOHylbYzt0_HjM9b_5Y7zZEJ,2,"Educational, Entertainment",Instagram,2,1,0,1,1,0,0,0,0,0,6,4,No,1,1,dingankarsuyash@gmail.com
4/5/2023 15:18:07,Mohammed Zahoor Mohammed Ainul Ansari ,220406,Computer,First year,90.6,82.29,https://drive.google.com/open?id=1pzb3krFjbvIgYBpoa-j9zMW60FvLIqc_,2,Educational,"WhatsApp, Instagram, YouTube",1.3,1,0,1,0,0,0,0,0,0,1,4,Maybe,2,1,zahooralam580@gmail.com
4/5/2023 15:52:50,Humaid Dakhve,220414,Computer,First year,89.8,83.8,https://drive.google.com/open?id=1Na2tReav7Uj8FYRHXaslg9pHFvwBXklg,3,"Entertainment, Research/Reading","WhatsApp, Instagram, YouTube, Snapchat, Discord, Twitter, Telegram",1,2,0,1,1,0,0,0,1,0,2,2,Yes,2,1,humaiddakhve@gmail.com
4/5/2023 16:02:19,Ansari Ayaan Najmul Kalam,220404,Computer,First year,86.2,84,https://drive.google.com/open?id=1iCojnvHmDMa9hUyORWIsoKMp7698xA1X,10,"Educational, Entertainment, Research/Reading","WhatsApp, Instagram, YouTube, Snapchat",1,1,0,0,1,0,0,0,0,0,3,15,No,6,10,ayaan.400612@gmail.com
4/5/2023 16:21:46,Owais,210828,Information Technology,Second year,75,77.5,https://drive.google.com/open?id=1qHgoybDDF0rfdJxvQkatBObCse-yP6H2,1,"Educational, Entertainment, Gaming","WhatsApp, YouTube",1,0,0,3,0,0,1,0,0,12,4,10,No,2,1,ansariowais.aom@gmail.com
4/5/2023 16:42:15,Shambhuraj Sachin Kharade ,220426,Computer,First year,87.6,77,https://drive.google.com/open?id=1EgT-KJJwKwuDBOZCinkTlotA6Mtzu0RQ,2,"Educational, Entertainment, Research/Reading, Gaming","WhatsApp, YouTube, Telegram",1,0,0,2,0,0,0,0,0,1,1,4,Maybe,1,0,kharadeshambhuraj108@gmail.com
4/5/2023 16:45:49,Siddhesh Sachin Mote,220437,Computer,First year,88.8,71.71,https://drive.google.com/open?id=1g-Uk5aNweLQ85c1ZpauvuMoEhxRZvOQ2,3,"Educational, Entertainment, Research/Reading, Gaming","WhatsApp, YouTube, Telegram",1,0,0,1,0,0,0,0,0,1,4,9,Maybe,2,0,siddheshmote225@gmail.com
4/5/2023 16:51:31,Sahil Balasaheb Landge ,220432,Computer,First year,88.8,77.86,https://drive.google.com/open?id=1rel3jreDx_DRe7X-0wr_RkWC6Vq82oFs,2,"Educational, Entertainment, Research/Reading, Gaming","WhatsApp, YouTube, Snapchat, Telegram",1,0,0,0.5,0.5,0,0,0,0,0,1,10,Maybe,1,0,slandge533@gmail.com
4/5/2023 16:52:15,Shravani Mestry,220434,Computer,First year,88,75,https://drive.google.com/open?id=1uOH3onX15AzpSJ6JDCaTZ80Q3Oi45yFk,5,Research/Reading,"WhatsApp, Instagram, YouTube, Snapchat, Pinterest, Telegram",5,1,0,1,3,0,0,1,0,1,2,4,No,3,0,shravanimestry08@gmail.com
4/5/2023 16:54:15,Sahil Pramod Lad ,20430,Computer,First year,88.2,81.14,https://drive.google.com/open?id=1N2to15PkSdy4lYesaA35766wIbAAnw5K,3,"Educational, Entertainment","WhatsApp, YouTube",1,0,0,2,0,0,0,0,0,0,1,14,Maybe,2,3,sahillad159@gmail.com
4/5/2023 17:14:15,Sandip Badgujar,220410,Computer,First year,89,64.14,https://drive.google.com/open?id=15z07jv0ajQ6qtBwmEsfcO7Jr0Sx6RCRH,3,Educational,"WhatsApp, Instagram, YouTube, Telegram",1,1,0,1,0,0,0,0,0,1,0,7,Yes,1,4,badgujarsandip56@gmail.com
4/5/2023 17:34:12,Abhishek Jadhav ,20415,Computer,First year,90.6,88.57,https://drive.google.com/open?id=1FN-gyxrJEk_3FTk-IDF3Ac-RRwkEoO66,3,"Educational, Entertainment","WhatsApp, Instagram, YouTube, Telegram",0.5,1,0,1,0,0,0,0,0,0.3,1,7,Maybe,2,2,jadhabhishek@gmail.com
4/5/2023 17:38:07,Anam Aqeel,220401,Computer,First year,91.2,86,https://drive.google.com/open?id=1HyDlUkgbZ74bEspBTmCoGyFiAX9dPp5c,2,"Educational, Research/Reading","WhatsApp, Instagram, YouTube, Snapchat",2,1,0,2,1,0,0,0,0,0,1,16,No,1,10,ansarianam030@gmail.com
4/5/2023 18:39:35,Musaddiqah  Kazi,221216,Artificial Intelligence,First year,84.4,79.86,https://drive.google.com/open?id=1rhFLIp2bKTdYZbHDlLHN-FQibWm093Ld,9,"Educational, Entertainment, Research/Reading","WhatsApp, Instagram, YouTube, Snapchat, Pinterest, Twitter, Telegram",0,5,0,0.5,0.5,0,0,0,0,0,0,1,Yes,6,3,musaddiqahkazi@gmail.com
4/5/2023 19:19:24,hamza qureshi,221233,Artificial Intelligence,First year,74.4,75,https://drive.google.com/open?id=1F1S2Q7_ufnfRKhYtEHdtHfOBSgPT7To5,0,"Educational, Entertainment, Research/Reading","WhatsApp, YouTube",2,0,0,1,0,0,0,0,0,0,1,16,No,0,4,hamzaqureshi2114@gmail.com
4/5/2023 19:41:27,Ansari Rehan ,220509,Electronics,First year,77.2,83.71,https://drive.google.com/open?id=179eewXGx3xu-WzWQASVfqegF66t7JWnz,3,"Educational, Entertainment, Research/Reading, Gaming","WhatsApp, Instagram, YouTube, Snapchat",1,1,0,1,0,0,0,0,0,0,2,4,No,1,0,ansarirehan5667@gmail.com
4/5/2023 19:57:53,Patel Ayaan,220536,Electronics,First year,72,73,https://drive.google.com/open?id=1fL109QlLreuyuc6ykyJEXZWDYKVe0CWl,2,"Educational, Entertainment","WhatsApp, Snapchat, Discord",1,0,0,0,1,0,0,0,0,0,1,15,Maybe,1,1,ayaanp4547@gmail.com
4/5/2023 20:05:55,Sayyed Abdul Mannan,220447,Computer,First year,92,88.57,https://drive.google.com/open?id=1nO3rNmJhu6ulEyjMAMdR3LkM_E8CYIwS,1,"Educational, Entertainment, Research/Reading","WhatsApp, Instagram, YouTube, Snapchat",1,0.5,0,0.5,0.33,0,0,0,0,0,0.5,6,Maybe,0.5,0.5,sdabmannan786@gmail.com
4/5/2023 21:42:00,Shaikh zainab arif,220459,Computer,First year,87,86,https://drive.google.com/open?id=1zX3ofoEcRCfQZAKlO9mDrpbGUcMMF5NT,3,"Educational, Entertainment, Research/Reading, Gaming","WhatsApp, YouTube, Snapchat",1,0,0,1,1,0,0,0,0,0,1,10,No,1,3,shaikh.zainab.arif@gmail.com
4/6/2023 1:58:02,BHAIJI MUHAMMAD MUSAB MUHAMMAD MOHSIN,20512,Electronics,Third year,85.8,88.87,https://drive.google.com/open?id=1njVI4RhWzRKHLt212VKEGge83-_YBzpY,15,"Educational, Entertainment","WhatsApp, YouTube",1,00,00,2.3,00,00,00,00,00,00,0.3,4,Yes,3,1,musabbhaiji@gmail.com
4/6/2023 12:38:01,Aqeel khan,20519,Electronics,Third year,60,56.9,https://drive.google.com/open?id=1T3Pf22x-oJvsspjTniRl_7UVDRLKSb3c,2,"Educational, Entertainment, Research/Reading, Gaming","WhatsApp, Instagram, Facebook, YouTube, Snapchat, Pinterest, Twitter, Telegram, ",1,1,1,1,1,0,0,1,1,1,4,6,Maybe,2,0,er.khanaqeel92@gmail.com
4/6/2023 13:08:34,Shaikh Hassaan,210418,Computer,Second year,92.4,82,https://drive.google.com/open?id=1ULiNt16bdNy5twJi2ieoYSYp-Lo4qBbE,3,"Educational, Entertainment, Research/Reading","WhatsApp, Instagram, YouTube, Reddit, Discord, Twitter, Telegram",4,4,0,1,0,0,1,0,0,0,3,12,Yes,4,4,shassaan27@gmail.com
4/6/2023 13:10:16,Tuba jahangir ,210410,Computer,Second year,94.54,72.73,https://drive.google.com/open?id=1qID0JIZMk8DwbH6zXQ6jBsS24UKVgt4d,3,"Educational, Entertainment, Research/Reading, Gaming","WhatsApp, YouTube",1,0,0,1,0,0,0,0,0,0,2,2,No,3,1,jtuba6815@gmail.com
4/6/2023 13:10:56,Khan Nishat,210462,Computer,Second year,79,68,https://drive.google.com/open?id=1A6Uk7G29O1UiNp_bxtaUhM3M_fhsFnjE,2,"Educational, Entertainment, Research/Reading","WhatsApp, Instagram, YouTube, Snapchat, Twitter, Telegram",4,1,0,2,3,0,0,0,0,0,0,12,No,1,1,nishat.wwwkhan786@gmail.com
4/6/2023 13:10:58,Aafiya Saudagar,210440,Computer,Second year,89.4,79,https://drive.google.com/open?id=1DYAx533vL0F7cu3lMKCkUs_BU7ZGulIC,15,"Educational, Entertainment, Research/Reading, Gaming","WhatsApp, Instagram, YouTube, Discord",3,3,0,2,0,0,3,0,0,0,5,6,Maybe,2,5,aafiyahussain9@gmail.com
4/6/2023 13:11:30,Mohiuddin merchant ,210444,Computer,Second year,89,86,https://drive.google.com/open?id=1-lf_IbRPBa0m7Dgbm9aW6RudgQtTC6FU,3,"Educational, Entertainment, Research/Reading, Gaming","WhatsApp, YouTube, Twitter",1,0,0,3,0,0,0,0,1,0,0,16,No,1,3,moinuddinmerchant94@gmail.com
4/6/2023 13:11:52,Welder Umme Haani,210411,Computer,Second year,93.8,77.73,https://drive.google.com/open?id=10ZKOIH4YFyiD2tMZ_2zWgBiTpU2A0vqr,1,Educational,"WhatsApp, YouTube, Snapchat",2,0,0,1,0,0,0,0,0,0,1,5,No,1,0,welderhaani@gmail.com
4/6/2023 13:12:21,Mahek Shaikh,210420,Computer,Second year,92.2,77.07,https://drive.google.com/open?id=1st6lei96R1EvDvhPin-1mzstFLxiMSlD,2,Entertainment,"WhatsApp, Instagram, YouTube, Snapchat",3,1,0,1,3,0,0,0,0,0,2,5,No,1,5,mahek.f.shaikh3015@gmail.com
4/6/2023 13:12:34,Ansari Mohammad Asad ,210406,Computer,Second year,95.2,84.67,https://drive.google.com/open?id=1GH8WFtIKgVkmWqmKMS3ORX3wuEKLCZqE,0.5,Gaming,"WhatsApp, Instagram, Facebook, YouTube, Snapchat, Play store ",2,3,0,0.5,0.5,0,0,0,0,0,0,0,No,0.2,1,ansarimohdasad308@gmail.com
4/6/2023 13:12:41,Shaikh Moina Afzal ,210412,Computer,Second year,93.8,69.6,https://drive.google.com/open?id=12B_Jyz4HYmmBHBvEtl8Mr3BOnY26HZ6o,3,Entertainment,"WhatsApp, Instagram, YouTube",3,1,0,2,0,0,0,0,0,0,0,7,Yes,2,2,mannsk005@gmail.com
4/6/2023 13:12:59,Sufyaan Maladwalla ,210441,Computer,Second year,89.4,76,https://drive.google.com/open?id=19OEmqet0r3XnODt9T99xRA3d6FOEPpzu,1,"Educational, Entertainment, Research/Reading","WhatsApp, Instagram, Facebook, YouTube, Snapchat, Twitter, Telegram",0.2,0.3,0,1.5,0.15,0,0,0,0,0,0.3,12,No,5,13,sufyaanmaladwalla@gmail.com
4/6/2023 13:13:16,mohammed Shah ,210446,Computer,Second year,88.88,78,https://drive.google.com/open?id=1U0AJXjXXfz4TPXDvBax_-Hs8u_YnBgx6,2,"Educational, Entertainment","WhatsApp, YouTube",1,0,0,2,0,0,0,0,0,0,1,6,Maybe,1,2,cphmp6897@gmail.com
4/6/2023 13:13:25,Khan Namrah Mehboob ,210430,Computer,Second year,90.4,82.53,https://drive.google.com/open?id=1j0CiwTMi84X38PaIKOlZ0hb7PmE4VIK3,3,"Educational, Entertainment, Research/Reading","WhatsApp, Instagram, YouTube, Snapchat, Pinterest",6,1,0,1,0,0,0,0,0,0,0,15,No,1,10,khannamrahmehbob@gmail.com
4/6/2023 13:13:27,Shaikh Sadaf Noor,210445,Computer,Second year,89,83,https://drive.google.com/open?id=1av0ERbo5Jd8hj9zWsQ-USIga2O0WJxqy,3,"Educational, Entertainment, Research/Reading","WhatsApp, Instagram, YouTube, Snapchat, Pinterest",6,1,0,2,1,0,0,0,0,0,0,12,No,3,10,sadafnoor355@gmail.com
4/6/2023 13:13:33,Mantasha Mohammed Sadiq,210409,Computer,Second year,94.6,85.47,https://drive.google.com/open?id=1GsHFsK6yvYAHs2zY2CPmGmFunYXi78iT,5,"Educational, Entertainment, Research/Reading, Gaming","WhatsApp, Instagram, YouTube, Snapchat, Telegram",1,1,0,0.3,0.3,0,0,0,0,0,0.5,2,Maybe,4,4,mantashaicebear@gmail.com
4/6/2023 13:13:57,Mehwish Haroon Ahmed Shaikh ,210401,Computer,Second year,98,80,https://drive.google.com/open?id=1G7QSWbq9h8ImOGQIn2XcwT-bAZKCCjs3,4,"Educational, Entertainment, Research/Reading, Gaming","WhatsApp, Instagram, Snapchat",1,1,0,0,1,0,0,0,0,0,1,2,Maybe,4,3,parveenshaikh20751@gmail.com
4/6/2023 13:14:09,Arya ,210460,Computer,Second year,83,79,https://drive.google.com/open?id=1Dkv4uXN4LoP49te2B1Cu-JKp4k7xnbPn,2,"Educational, Entertainment, Research/Reading","WhatsApp, Instagram, YouTube, Snapchat",1,1,0,1,1,0,0,0,0,0,1,12,No,2,6,aryamore641@gmail.com
4/6/2023 13:14:51,Vidisha Birwadkar ,210434,Computer,Second year,90,80.13,https://drive.google.com/open?id=1QJU3hIEalcDo0KyHS4RipiB0Bt2e5suZ,18,"Educational, Entertainment, Research/Reading","WhatsApp, Instagram, YouTube, Snapchat",2,3,0,5,3,0,0,0,0,0,1,15,Maybe,10,3,birwadkarvidisha@gmail.com
4/6/2023 13:15:11,Ansari mohammed,210453,Computer,Second year,88,79.87,https://drive.google.com/open?id=1ZJ_9sAizOMMv2gxdQFZGD-nEBQXNIThE,2,"Educational, Entertainment","WhatsApp, Instagram, YouTube",0.5,1,0,0.5,0,0,0,0,0,0,0,16,No,1,1,mohammedansari24677@gmail.com
4/6/2023 13:15:32,Rifah mirkar ,210457,Computer,Second year,87.88,70,https://drive.google.com/open?id=11DKId-p59doS4sFhNERCzvi-6Jmk31Xr,10,"Educational, Entertainment, Research/Reading","WhatsApp, YouTube, Snapchat",2,1,0,3,1,0,0,0,0,0,0,14,No,1,2,sarcarzam@gmail.com
4/6/2023 13:16:10,Ayan shaikh ,210404,Computer,Second year,95,62,https://drive.google.com/open?id=1xZY53lHXQ0Bb1Foq6ajFKl_RnvRc2o7r,1.2,"Educational, Research/Reading","WhatsApp, Instagram, YouTube, Snapchat",1,1,0,2,0,0,0,0,0,0,2,10,No,1,1,ayanshaikh3096@gmail.com
4/6/2023 13:16:12,Adnan Shaikh ,210450,Computer,Second year,88.6,76.5,https://drive.google.com/open?id=1UWxGdtNrgZlcbL9QrMtlNaPa4q5u4GE_,2,"Educational, Entertainment, Research/Reading","WhatsApp, Instagram, YouTube",1,1,0,0.5,0,0,0,0,0,0,0.5,16,No,1,1,as9215600@gmail.com
4/6/2023 13:16:25,Kazi adnan vasim,210463,Computer,Second year,78.4,61.6,https://drive.google.com/open?id=1yqMMCG--csZU7_nGrvBy3C9bFMz6hdm6,2,Educational,"WhatsApp, Instagram, YouTube",1,1,0,1,0,0,0,0,0,0,1,16,No,2,2,kaziadnan456@gmail.com
4/6/2023 13:17:51,Momin Zeeshan Ahmed Ashfaque,210405,Computer,Second year,95.5,66,https://drive.google.com/open?id=1KrAKwmueZsMr3_je-dslzKj0S4D6CS-_,1.5,"Educational, Entertainment","WhatsApp, Instagram, YouTube",0.5,0.5,0,0.5,0,0,0,0,0,0,2.5,16,No,1,1,mzeeshan0109@gmail.com
4/6/2023 13:19:35,Shaikh Samiya Azgar,210407,Computer,Second year,95.2,77.6,https://drive.google.com/open?id=1ogjwstRs1XI9NOon0k-ScA2_VyLF_Nz4,1,Educational,"WhatsApp, YouTube",2,0,0,1,0,0,0,0,0,0,1,3,No,1,0,as3932004@gmail.com
4/6/2023 13:20:23,Midhat Ansari ,210403,Computer,Second year,96.6,89.73,https://drive.google.com/open?id=1N9bFMFQjKZwsMmf_zsoxSVgScp9a1Fjz,4,Entertainment,"WhatsApp, Instagram, YouTube, Snapchat, Pinterest, Twitter, Telegram",2,1.5,0,3,15,0,0,0,10,0,10,9,Yes,3,1,ansarimidhat45@gmail.com
4/6/2023 13:21:46,Ansari Mohammed Saif ,210437,Computer,Second year,89.63,85.87,https://drive.google.com/open?id=1_ObIXMqHxldM7hzt8cF097c8ZET_3bWC,2,"Educational, Entertainment, Research/Reading","WhatsApp, Instagram, Snapchat, ",1,1,0,0,1,0,0,0,0,0,1,16,No,2,1,iamsaif2005@gmail.com
4/6/2023 13:22:13,Bubere Huzaifa Shadab,210428,Computer,Second year,90.6,80.53,https://drive.google.com/open?id=1wIgAFnWipJXzBD-DVm-pZmbZrebo4mNe,2,"Educational, Entertainment, Research/Reading, Gaming","WhatsApp, Instagram, YouTube, Snapchat",2,0,0,1,1,0,0,0,0,0,1,8,No,1,1,huzaifabubere18@gmail.com
4/6/2023 13:22:22,Umesh Ashok Phulare,210436,Computer,Second year,89.8,84.17,https://drive.google.com/open?id=10sjCPv8QSBtDzQHvJQNWY2ffeVgoeijj,3,"Educational, Entertainment, Research/Reading, Gaming","WhatsApp, Instagram, YouTube",2,4,0,4,0,0,0,0,0,0,0,7,No,2,4,umeshphulare2005@gmail.com
4/6/2023 13:22:36,MOHAMMAD SOHAIL SHAIKH ,210408,Computer,Second year,95,81.07,https://drive.google.com/open?id=1EB5idt2PYED1RBNZQFee36UuON3JkKMj,4,Research/Reading,"WhatsApp, Instagram, Facebook, YouTube, Snapchat, Twitter, Telegram",1,0.5,0.1,2,0.5,0,0,0,0,0,5,5,Maybe,1,1,sohailsk0160@gmail.com
4/6/2023 13:24:56,Hussain Arsiwala,210448,Computer,Second year,89.69,70.69,https://drive.google.com/open?id=13r27ppYfmauhsSUjXQ82tojjcJn7g3V2,5,Entertainment,"WhatsApp, Instagram, Facebook, YouTube, Snapchat, Reddit, Discord, Pinterest",1,3,0,4,2,0,0,0,0,0,0,0.1,Yes,3,1,arsiwalah5@gmail.com
4/6/2023 13:25:51,Shaikh Sarina Asgar ,21484,Computer,Second year,86.4,71.33,https://drive.google.com/open?id=1AZ2_0_mPa79JMCWqrfR-edzfM5z3zizq,1,"Educational, Entertainment, Research/Reading, Gaming","WhatsApp, YouTube",2,0,0,2,0,0,0,0,0,0,3,3,No,1,0,shaikhsarina09@gmail.com
4/6/2023 13:25:59,Hassaan Shakeel Shaikh,210429,Computer,Second year,91.6,76.93,https://drive.google.com/open?id=1M3DM48bJMnPUxcBGaVFfEqiLzdQy1QWn,5,"Entertainment, Gaming","WhatsApp, Instagram, YouTube, Snapchat",1,0.5,0,2,0,0,0,0,0,0,3,14,Maybe,2,1,hassaansk786@gmail.com
4/6/2023 13:27:45,9136879526,220485,Computer,Second year,80,53,https://drive.google.com/open?id=1YjQPY7dZ6VuTWwYaPqqBJ9kWCrxn144b,2,"Educational, Entertainment, Research/Reading, Gaming","WhatsApp, Instagram, YouTube, Snapchat, Twitter, Telegram",6,2,0,2,1,0,0,0,0,0,1,2,Yes,2,2,zoyamuchhale001@gmail.com
4/6/2023 13:29:04,Shaikh Afsha faiyaz ,210426,Computer,Second year,90,80,https://drive.google.com/open?id=1FIGW7fQiBrdeHulYhfEjVLGUIVvK4Yim,24,Gaming,"WhatsApp, Instagram, YouTube, Snapchat",5,1,0,1,1,0,0,0,0,0,10,7,Yes,2,1,skafshafaiyaz@gmail.com
4/6/2023 13:29:09,Welder Umme Hafsa Mohammed Hasan,210452,Computer,Second year,88,83,https://drive.google.com/open?id=1EEUYDgw5065h4Ud0cVpXHxlboYek92UN,5,"Educational, Entertainment, Research/Reading, Gaming","WhatsApp, Instagram, YouTube, Snapchat, Pinterest",3,2,0,4,2,0,0,1,0,0,1,12,No,5,10,hafsawelder@gmail.com
4/6/2023 13:54:18,Anas Solkar,20758,Mechanical,Third year,74,74,https://drive.google.com/open?id=1y4iPfP-vs01ChA2Ebyg6-QxlBw38GQG3,2,Educational,"WhatsApp, Instagram, Snapchat, Twitter, Telegram",1,1,1,1,1,0,0,0,0,0,0,2,No,2,2,anasolkar122@gmail.com
4/6/2023 13:55:49,Chirag Gothankar ,220482,Computer,Second year,74,72,https://drive.google.com/open?id=13k7CMhhhoA5no5WX_eTVP7NPVF39WAii,3,"Educational, Entertainment, Gaming","WhatsApp, Instagram, Facebook, YouTube, Snapchat",1,1.15,0,1,0,0,0,0,0,0,2,13,No,1.3,0,chiraggothankar1@gmail.com
4/6/2023 13:56:04,Tejas Jagtap,210461,Computer,Second year,82.2,61.2,https://drive.google.com/open?id=1Hs1m3ytQk7-q3b4qCNBAf870bGPqzorX,3,"Entertainment, Gaming","WhatsApp, Instagram, Facebook, YouTube, Snapchat",1,1,0,1,0,0,0,0,0,0,2,10,No,1,0,tj3654493@gmail.com
4/6/2023 13:59:15,Hannan Waknis ,20763,Mechanical,Third year,80,89,https://drive.google.com/open?id=1mmkkQmtE1NFfswJxHRznrxuFFoDJ7NWi,1,Educational,"WhatsApp, Instagram, Facebook, YouTube, Snapchat, Discord, Pinterest, Twitter, Telegram",1,1,1,1,1,0,1,1,1,1,1,2,No,1,1,hannanwaknis@gmail.com
4/6/2023 14:00:08,Abdurrahman Qureshi ,210451,Computer,Second year,89.4,79.9,https://drive.google.com/open?id=1w6yxu6YHg9PLP3cH-1dCtIGx5G0I1MUc,3,Entertainment,"WhatsApp, Instagram, YouTube, Snapchat, Reddit, Discord, Pinterest, Twitter, Telegram",1,1,0,1,1,1,1,1,1,1,1,16,No,2,3,qabdurrahman05@gmail.com
4/6/2023 14:01:00,Rachna Galipelli,210442,Computer,Second year,89.2,86.13,https://drive.google.com/open?id=1lyegaZq0ZOF3J1GGNuG45EKyeGDG-qoX,7,"Educational, Entertainment, Research/Reading, Gaming","WhatsApp, Instagram, YouTube, Snapchat, Pinterest, Telegram",3,14,0,4,8,0,0,0,0,0,2,2,Maybe,15,10,galipellirachna4@gmail.com
4/6/2023 14:01:50,Shrutika Prakash Sabale,210447,Computer,Second year,88.89,84.2,https://drive.google.com/open?id=11yxCxykKN9Cu4IXDkFWJHwR_8zSr2k0r,4,"Educational, Entertainment, Research/Reading, Gaming","WhatsApp, Instagram, YouTube, Snapchat",3,2,0,1,2,0,0,0,0,0,0,8,No,0,0,shrutikasabale15@gmail.com
4/6/2023 14:02:44,Amaan,19763,Mechanical,Third year,52,57,https://drive.google.com/open?id=1zNQOSVjYOUWmvJmWscRaKPfHyQoHurBY,7,Entertainment,"WhatsApp, Instagram, YouTube, Snapchat",1,7,0,6,4,0,0,1,0,0,0,8,No,2,2,amaanwadkar27@gmail.com
4/6/2023 14:05:21,Mujahid Abdul Qadeer Abdul Majeed,210413,Computer,Second year,93.4,87.38,https://drive.google.com/open?id=1OMMwNVKJEPBePFDkcBwIZBYxspHMIOST,2,"Educational, Entertainment, Research/Reading","WhatsApp, Instagram, YouTube",2.5,2,0,1,0,0,0,0,0,0,1,3,Maybe,2,3.5,qadeermujahid123@gmail.com
4/6/2023 14:17:12,Aaqib Shaikh ,20446,Computer,Third year,86,79,https://drive.google.com/open?id=14ATmm_aBKEKtfftgNDpFCFXezquebzn1,5,Entertainment,"WhatsApp, Instagram, Snapchat, Twitter",2,4,3,3,1,0,1,0,2,0,6,5,No,8,2,aaqibs3108@gmail.com
4/6/2023 14:17:27,Aarzoo Nazim Asar ,20411,Computer,Third year,92,91.89,https://drive.google.com/open?id=1Wf-Wi31jBdT9bHf59Z3035bmJI6T6x6B,4,"Educational, Entertainment","WhatsApp, Instagram, YouTube",1,1,0,0.5,0,0,0,0,0,0,4,12,Maybe,4,1,asaraarzoo@gmail.com
4/6/2023 14:17:30,Mehdi Dalvi,20415,Computer,Third year,88.6,76.2,https://drive.google.com/open?id=1H6Yag5i0w-UDSDaNl5XJ11IadxxVqH_m,3,"Educational, Entertainment","WhatsApp, Instagram, Facebook, YouTube, Snapchat, Pinterest, Telegram",1,5,0,2,0,0,0,1,0,0,0,12,Maybe,3,2,dalvimehdi1@gmail.com
4/6/2023 14:19:00,Mohd usman,20418,Computer,Third year,82.6,80,https://drive.google.com/open?id=1riybJ6QMVDgNzQeRe90rYj_7U8hDnUXL,8,Educational,Instagram,2,1,0,1,0,0,0,0,0,0,0,0,Maybe,2,5,idrisimohdusman@gmail.com
4/6/2023 14:19:13,Shazli Ansari ,20410,Computer,Third year,89,90,https://drive.google.com/open?id=1u9pdoWkTy4aEtnlKEBD-ZowxZA05w0up,6,"Educational, Entertainment, Gaming","WhatsApp, Instagram, YouTube, Snapchat, Pinterest",1,3,0,0.5,0.5,0,0,0.2,0,0,0.2,8,Maybe,6,1.5,shazliansari2601@gmail.com
4/6/2023 14:19:17,Haad Khan,20425,Computer,Third year,86.6,80,https://drive.google.com/open?id=1W2zmxUqHVfV6DSEUerV7yNUWCP_CdK29,2,Gaming,"WhatsApp, Instagram, YouTube, Discord, Pinterest, Twitter, Telegram",1,2,0,4,0,0,4,1,2,0,1,4,Maybe,2,5,hkhan032004@gmail.com
4/6/2023 14:19:57,Sumit kolhe ,20430,Computer,Third year,88,82,https://drive.google.com/open?id=11KKVSL_9iXQb-plipqffWjL2weA7A0my,2,Entertainment,"WhatsApp, Instagram",3,2,2,1,1,1,1,1,1,2,2,5,No,4,3,sumitkolhe057@gmail.com
4/6/2023 14:20:21,Rushikesh Ishwar Magar ,20431,Computer,Third year,85,75,https://drive.google.com/open?id=17MsyYjHJtDZ31gzy9uVnRNY29q7MErbc,6,Educational,"WhatsApp, Instagram, Facebook, YouTube, Snapchat, Reddit, Discord, Pinterest, ",6,3,1,7,4,4,3,4,3,4,23,2,Yes,5,5,rushimagar09@gmail.com
4/6/2023 14:20:42,Jawad Khan ,20424,Computer,Third year,89.2,81.5,https://drive.google.com/open?id=1i2DmNMj9gMdycmMxd3lroXuwYYk8cAd6,3,"Educational, Entertainment","WhatsApp, Instagram, YouTube, Snapchat",1,3,0,0.5,0.5,0,0,0,0,0,0.5,1,Maybe,2,0.5,jkhan082004@gmail.com
4/6/2023 14:21:14,Prathamesh Somnath Kapase ,20420,Computer,Third year,87,78,https://drive.google.com/open?id=1TzlmdmZCBCrDP9l1Gxtdg67o8hRDSZue,3,"Educational, Entertainment, Gaming","WhatsApp, Instagram, YouTube, Snapchat",2,2,1,2,2,0,0,0,0,0,3,4,Maybe,2,1,prathameshkapase2004@gmail.com
4/6/2023 14:21:21,ANSARI MOHD MUDASSIR MOHD IMRAN ,20407,Computer,Third year,92.6,89.44,https://drive.google.com/open?id=1C9zKNB_joeln1wxXQtRta6o3wB5fZHxQ,4,"Educational, Entertainment, Research/Reading, Gaming","WhatsApp, Instagram, Facebook, YouTube, Snapchat, Reddit, Discord, Pinterest, Twitter, Telegram",2,2,0,1,2,0,0,1,1,0,10,6,Yes,6,3,mudassirimranansari@gmail.com
4/6/2023 14:21:22,Khan Ramsha Ayub ,20427,Computer,Third year,88,82,https://drive.google.com/open?id=1shOi2iHxeQBdqiuWEOLqNg07f4tAADK7,5,"Educational, Entertainment, Research/Reading, Gaming","WhatsApp, Instagram, Facebook, YouTube, Snapchat, Pinterest, Twitter, Telegram",1,3,0,1,1,0,0,1,0,0,4,10,Maybe,2,3,khanramsha302020@gmail.com
4/6/2023 14:24:06,Siddiqui ayesha,20460,Computer,Third year,87,91.78,https://drive.google.com/open?id=1F_9jDBmptUnRPtnFZ5nrtDRc_jMpIPy-,2,"Educational, Entertainment",WhatsApp,1,0,0,1,0,0,0,0,0,0,2,10,No,1,2,ayeshasiddiqui591@gmail.com
4/6/2023 14:24:10,Siddiqui mohammed Ahmed Shakeel Ahmed ,20462,Computer,Third year,86.4,88.89,https://drive.google.com/open?id=1yEybf0faKO2V_97_AbqpJFXViwl1dJcy,8,"Educational, Entertainment, Research/Reading","WhatsApp, Instagram, Facebook, YouTube, Snapchat, Reddit, Discord, Telegram",1,4,3,8,1,0,0,0,0,1,3,8,Yes,8,2,siddiquimohammed529@gmail.com
4/6/2023 14:24:16,Shaikh Fahad ,20451,Computer,Third year,87,70,https://drive.google.com/open?id=1S7Ez7b2vUzNYg7-vHxrhsfZXR4DHAE2f,0.5,"Educational, Entertainment, Research/Reading, Gaming","WhatsApp, Instagram, Facebook, YouTube, Snapchat, Discord, Pinterest, Twitter, Telegram, ",0.5,0.2,0,3,0,0,0,0,0,0,0,0,No,0.5,3,shaikhfahad687@gmail.com
4/6/2023 14:24:27,Ariba Shaikh ,20448,Computer,Third year,90.6,80,https://drive.google.com/open?id=1nftxWEH9FyqSu6hcBadLreICTAvbn9_0,4,"Educational, Entertainment, Research/Reading","WhatsApp, Instagram, YouTube, Snapchat, Pinterest, Twitter, Telegram",1,2,0,2,1,0,0,1,0,0,0,15,Maybe,1,4,aribashaikh255@gmail.com
4/6/2023 14:24:38,Khan Zubia ,20429,Computer,Third year,86,84,https://drive.google.com/open?id=1RJnKVmMsP4zMdC-_OUK8F9tITP1H9rWx,4,"Educational, Entertainment, Research/Reading","WhatsApp, Instagram, YouTube, Snapchat, Pinterest, Twitter, Telegram",2,1,0,0,1,0,0,1,0,0,5,8,Maybe,2,1,khanzubia425@gmail.com
4/6/2023 14:26:06,Khan Abdul Rehman Abdur Rab ,20421,Computer,Third year,86.6,75.22,https://drive.google.com/open?id=1_70c-d_7eyFw3lNF3hjq47odxO0h5lmH,2,"Educational, Entertainment, Research/Reading, Gaming","WhatsApp, Instagram, YouTube, Snapchat, Twitter",0.5,0.1,0,1,0.1,0,0,0,0.2,0.1,0.5,10,Yes,1,1,abdul.1714111@gmail.com
4/6/2023 14:26:32,Abdul Ahad,20445,Computer,Third year,94,89,https://drive.google.com/open?id=1FiZ2aiJQYUpckv9gF-hUkXANJiEj5dKp,6,Gaming,"WhatsApp, Instagram, YouTube, Snapchat",2,3,1,5,3,0,0,0,1,1,5,2,No,10,3,shaikhabdulahad214@gmail.com
4/6/2023 14:27:57,Shaikh Mohammed Zakariya,20452,Computer,Third year,85.6,89,https://drive.google.com/open?id=1nVeZABPpL1BYQtzG92RC3WVijrni-OdD,0.5,"Educational, Entertainment, Research/Reading, Gaming","WhatsApp, YouTube, Telegram",0.3,0,0,0.3,0,0,0,0,0,0,0.3,5,No,0.1,1,Zakariyask28@gmail.com
4/6/2023 14:28:54,Sheeba Shaikh,20459,Computer,Third year,88.4,92.84,https://drive.google.com/open?id=1Ngi8X82BvH21Zx_ssRQQ6wxvDXhFPSGk,4,"Educational, Entertainment, Gaming","WhatsApp, YouTube",2,0,0,4,0,0,0,0,0,0,2,2,Yes,5,1,sheebashaikh2919@gmail.com
4/6/2023 14:30:38,Saba Tanji,21486,Computer,Third year,82.2,91.89,https://drive.google.com/open?id=12kgw_wE0bKKOiPMV4yMptrVTr_7IxLaK,3,"Educational, Entertainment, Research/Reading","WhatsApp, Instagram, YouTube",1,2,0,1,0,0,0,0,0,0,0,4,Maybe,2,2,sabatanji23@gmail.com
4/6/2023 14:30:52,Sarah Ansari ,20409,Computer,Third year,94,91.89,https://drive.google.com/open?id=1hEL2pvDVgkZ4U0tU96bdyOO4Wsm0wUH2,5,Entertainment,"WhatsApp, Instagram, YouTube, Snapchat, Pinterest",3,1,0,1,1,0,I don't use this Social media Application,1,0,0,2,8,No,2,0,sarahansari0007@gmail.com
4/6/2023 14:32:42,Iqra,20401,Computer,Third year,88,87,https://drive.google.com/open?id=1TlKZe1rEk_6Lvq3WvbRnbZs1zqMjPUnM,2,Educational,"WhatsApp, Instagram, YouTube, Snapchat",2,2,0,2,1,0,0,0,0,0,7,16,No,0,4,iqraa0460@gmail.com
4/6/2023 14:33:02,Ashish Khobragade,21482,Computer,Third year,56,79.87,https://drive.google.com/open?id=1-awZnTm0zOqjxN_En2NuixDh724gXPUv,2.5,"Educational, Research/Reading","WhatsApp, Instagram, YouTube",1,1,0,1,0,0,0,0,0,0,1,15,No,2,2,ashishkhobragade450@gmail.com
4/6/2023 14:34:38,Siddique Mamoon,20461,Computer,Third year,85,86,https://drive.google.com/open?id=1rvDQ0LR-EdcyrWEFPQP2iNcnpLi5U9--,2,"Educational, Entertainment, Research/Reading, Gaming","WhatsApp, Instagram, YouTube, Snapchat, Telegram, ",0.5,1,0,1,0.2,0,0,0,0,0.5,1,12,Maybe,3,2,mr.five1714111@gmail.com
4/6/2023 14:38:29,Aiman Aijaz Dabir ,20414,Computer,Third year,91,90,https://drive.google.com/open?id=1Ai7a5XjkVtFfWP_vMjHyjTkDMEIHsIxm,4,"Educational, Entertainment, Research/Reading","WhatsApp, Instagram, YouTube, Snapchat, Pinterest, Twitter, Telegram, ",2,2,0,1,1,0,0,1,0,0,1,10,No,2,3,aimandabir198@gmail.com
4/6/2023 14:39:04,Sayed amaan ,20440,Computer,Third year,88,82,https://drive.google.com/open?id=1LryDk_XSnQzOpPb5fVuYcgV3rO21Zm56,12,"Educational, Entertainment, Gaming","WhatsApp, Instagram, Facebook, YouTube, Snapchat, Discord, Twitter, Telegram",6,7,2,5,3,0,1,1,1,3,4,12,Maybe,10,4,sayedamaan6104@gmail.com
4/6/2023 14:43:44,Khan Omar,20426,Computer,Third year,89,86,https://drive.google.com/open?id=10qclrJSEJoc6Qx4SeGMT8-2Kmtjvnrlq,2,Educational,"WhatsApp, Instagram, YouTube, Snapchat, Pinterest",1,0.45,0,3,1,0,0.3,2,0.15,0.2,4,16,No,1,4,khanomar7777777@gmail.com
4/6/2023 15:01:00,Ansari Aatif Salman ,20507,Electronics,Third year,63.8,69.68,https://drive.google.com/open?id=1C37JiZL8xB8dJiyJ-FXPu6Rc_otKogE5,2,"Entertainment, Research/Reading","WhatsApp, Instagram, YouTube, Snapchat",1,1,0,4,0,0,0,0,0,0,5,5,No,4,2,ansariaatif2004@gmail.com
4/6/2023 15:25:50,Sharif ,20417,Computer,Third year,85,85,https://drive.google.com/open?id=1onoMjyKTyXYFFkeHVPiuo3qk1-DEosda,3.5,Entertainment,"WhatsApp, Instagram, YouTube, Snapchat, Reddit, Discord, Pinterest, Twitter, Telegram",2,2,0,1,1,1,1,0.5,0.5,0.5,3,3,Maybe,3,4,hamdulesharif555@gmail.com
4/6/2023 15:45:11,Naufil,20442,Computer,Third year,90,80,https://drive.google.com/open?id=1TX8aSVFA_D8QkOAHgzIV4bDcSJkx9VCr,2,"Entertainment, Research/Reading","WhatsApp, Instagram, YouTube, Snapchat",2,1,0,1,0.5,0,0,0,0,0,1.5,16,Maybe,2,0.5,naufilsayyed14@gmail.com